iso3,conflict,dyad,a,b,code,deaths,events,first,last,adm1s
AFG,Afghanistan: Government,Government of Afghanistan - Taleban,Government of Afghanistan,Taleban,1,229421,35646,1995,2021,34
AFG,Afghanistan: Government,Government of Afghanistan - UIFSA,Government of Afghanistan,UIFSA,1,25785,911,1996,2001,24
AFG,Afghanistan: Islamic State,Government of Afghanistan - IS,Government of Afghanistan,IS,1,10693,1817,2015,2025,31
AFG,Afghanistan: Government,Government of Afghanistan - Hizb-i Islami-yi Afghanistan,Government of Afghanistan,Hizb-i Islami-yi Afghanistan,1,9580,302,1989,2016,24
AFG,Afghanistan: Government,Government of Afghanistan - Junbish-i Milli-yi Islami,Government of Afghanistan,Junbish-i Milli-yi Islami,1,9033,254,1993,1995,14
AFG,Government of Afghanistan - Civilians,Government of Afghanistan - Civilians,Government of Afghanistan,Civilians,4,7540,488,1992,2025,34
AGO,Angola: Government,Government of Angola - UNITA,Government of Angola,UNITA,1,30189,1447,1989,2013,18
AGO,UNITA - Civilians,UNITA - Civilians,UNITA,Civilians,5,2351,268,1989,2002,16
AGO,Angola: Cabinda,Government of Angola - FLEC-FAC,Government of Angola,FLEC-FAC,1,314,157,1989,2022,2
AGO,Government of Angola - Civilians,Government of Angola - Civilians,Government of Angola,Civilians,4,228,123,1989,2025,15
AGO,Angola: Cabinda,Government of Angola - FLEC-FAC-TN,Government of Angola,FLEC-FAC-TN,1,170,96,2010,2025,1
AGO,Angola: Cabinda,Government of Angola - FLEC-R,Government of Angola,FLEC-R,1,125,24,1991,2004,1
ALB,Serbia (Yugoslavia): Kosovo,Government of Serbia (Yugoslavia) - UCK,Government of Serbia (Yugoslavia),UCK,1,26,10,1999,1999,1
ARG,Los Monos - Civilians,Los Monos - Civilians,Los Monos,Civilians,5,209,197,2022,2025,1
ARG,Hezbollah - Civilians,Hezbollah - Civilians,Hezbollah,Civilians,5,86,1,1994,1994,1
ARM,Azerbaijan: Artsakh (Nagorno-Karabakh),Government of Azerbaijan - Republic of Artsakh,Government of Azerbaijan,Republic of Artsakh,1,382,76,1992,2023,12
AZE,Azerbaijan: Artsakh (Nagorno-Karabakh),Government of Azerbaijan - Republic of Artsakh,Government of Azerbaijan,Republic of Artsakh,1,13459,787,1991,2023,30
AZE,Republic of Artsakh - Civilians,Republic of Artsakh - Civilians,Republic of Artsakh,Civilians,5,774,2,1992,1992,1
AZE,Azerbaijan: Government,Government of Azerbaijan - Military faction (forces of Suret Husseinov),Government of Azerbaijan,Military faction (forces of Suret Husseinov),1,70,5,1993,1994,2
AZE,Azerbaijan: Government,Government of Azerbaijan - OPON Forces,Government of Azerbaijan,OPON Forces,1,46,6,1994,1995,2
BDI,Government of Burundi - Civilians,Government of Burundi - Civilians,Government of Burundi,Civilians,4,27525,1059,1991,2025,21
BDI,Burundi: Government,Government of Burundi - Palipehutu-FNL,Government of Burundi,Palipehutu-FNL,1,4897,548,1993,2008,9
BDI,Hutu - Tutsi,Hutu - Tutsi,Hutu,Tutsi,2,4255,256,1993,1996,16
BDI,Burundi: Government,Government of Burundi - CNDD-FDD,Government of Burundi,CNDD-FDD,1,2839,311,1998,2004,16
BDI,Burundi: Government,Government of Burundi - CNDD,Government of Burundi,CNDD,1,2360,195,1994,2003,14
BDI,FRODEBU - Civilians,FRODEBU - Civilians,FRODEBU,Civilians,5,1960,54,1993,1993,8
BEL,IS - Civilians,IS - Civilians,IS,Civilians,5,35,3,2016,2023,2
BEN,Benin: Government,Government of Benin - JNIM,Government of Benin,JNIM,1,296,82,2020,2025,4
BEN,JNIM - Civilians,JNIM - Civilians,JNIM,Civilians,5,37,13,2023,2025,3
BFA,Burkina Faso: Government,Government of Burkina Faso - JNIM,Government of Burkina Faso,JNIM,1,12300,1509,2017,2025,25
BFA,JNIM - Civilians,JNIM - Civilians,JNIM,Civilians,5,3145,356,2018,2025,18
BFA,Government of Burkina Faso - Civilians,Government of Burkina Faso - Civilians,Government of Burkina Faso,Civilians,4,2647,154,2014,2025,14
BFA,Burkina Faso: Islamic State,Government of Burkina Faso - IS,Government of Burkina Faso,IS,1,1803,215,2017,2025,4
BFA,IS - Civilians,IS - Civilians,IS,Civilians,5,992,126,2017,2025,5
BFA,IS - JNIM,IS - JNIM,IS,JNIM,2,602,51,2019,2025,5
BGD,Opponents of Hasina - Supporters of Awami League,Opponents of Hasina - Supporters of Awami League,Opponents of Hasina,Supporters of Awami League,2,361,42,2024,2024,7
BGD,PCJSS - Civilians,PCJSS - Civilians,PCJSS,Civilians,5,252,58,1989,2003,1
BGD,Supporters of Awami League - Supporters of BNP,Supporters of Awami League - Supporters of BNP,Supporters of Awami League,Supporters of BNP,2,210,161,1989,2025,8
BGD,Government of Bangladesh - Civilians,Government of Bangladesh - Civilians,Government of Bangladesh,Civilians,4,183,26,1990,2024,6
BGD,Bangladesh: Chittagong Hill Tracts,Government of Bangladesh - PCJSS,Government of Bangladesh,PCJSS,1,146,60,1989,2022,1
BGD,Bangladesh: Government,Government of Bangladesh - PBCP-J,Government of Bangladesh,PBCP-J,1,121,99,2004,2019,3
BHR,Government of Bahrain - Civilians,Government of Bahrain - Civilians,Government of Bahrain,Civilians,4,37,44,1995,2012,7
BIH,Bosnia-Herzegovina: Serb,Government of Bosnia-Herzegovina - Serbian Republic of Bosnia-Herzegovina,Government of Bosnia-Herzegovina,Serbian Republic of Bosnia-Herzegovina,1,34544,5525,1992,1995,0
BIH,"Serbian irregulars, Serbian Republic of Bosnia-Herzegovina - Civilians","Serbian irregulars, Serbian Republic of Bosnia-Herzegovina - Civilians","Serbian irregulars, Serbian Republic of Bosnia-Herzegovina",Civilians,5,12440,199,1992,1995,0
BIH,Bosnia-Herzegovina: Croat,Government of Bosnia-Herzegovina - Croatian Republic of Bosnia-Herzegovina,Government of Bosnia-Herzegovina,Croatian Republic of Bosnia-Herzegovina,1,8657,1845,1992,1994,0
BIH,Croatia: Serb,Government of Croatia - Serbian Republic of Krajina,Government of Croatia,Serbian Republic of Krajina,1,4383,1213,1992,1995,0
BIH,Bosnia-Herzegovina: Bihaca Krajina,Government of Bosnia-Herzegovina - Autonomous Province of Western Bosnia,Government of Bosnia-Herzegovina,Autonomous Province of Western Bosnia,1,2100,453,1992,1995,0
BIH,Serbian Republic of Bosnia-Herzegovina - Civilians,Serbian Republic of Bosnia-Herzegovina - Civilians,Serbian Republic of Bosnia-Herzegovina,Civilians,5,767,15,1992,1992,0
BOL,Laime - Qaqachaca,Laime - Qaqachaca,Laime,Qaqachaca,2,52,10,1998,2000,2
BRA,Comando Vermelho - GDE,Comando Vermelho - GDE,Comando Vermelho,GDE,2,10186,1043,2017,2025,1
BRA,Comando Vermelho - PCC,Comando Vermelho - PCC,Comando Vermelho,PCC,2,2885,2486,2015,2025,19
BRA,"Bonde dos 13, PCC - Comando Vermelho","Bonde dos 13, PCC - Comando Vermelho","Bonde dos 13, PCC",Comando Vermelho,2,785,734,2016,2025,1
BRA,Cartel do Norte - Comando Vermelho,Cartel do Norte - Comando Vermelho,Cartel do Norte,Comando Vermelho,2,711,655,2021,2024,1
BRA,"GDE, PCC - Sindicato do Crime","GDE, PCC - Sindicato do Crime","GDE, PCC",Sindicato do Crime,2,668,622,2019,2025,2
BRA,Bonde dos 40 - PCC,Bonde dos 40 - PCC,Bonde dos 40,PCC,2,542,506,2019,2025,2
CAF,anti-Balaka - Civilians,anti-Balaka - Civilians,anti-Balaka,Civilians,5,2388,240,2013,2022,16
CAF,Central African Republic: Government,Government of Central African Republic - CPC,Government of Central African Republic,CPC,1,1899,300,2020,2025,19
CAF,Government of Central African Republic - Civilians,Government of Central African Republic - Civilians,Government of Central African Republic,Civilians,4,1806,201,1991,2025,30
CAF,FPRC - Civilians,FPRC - Civilians,FPRC,Civilians,5,1399,198,2013,2020,13
CAF,UPC - Civilians,UPC - Civilians,UPC,Civilians,5,1003,141,2014,2021,12
CAF,anti-Balaka - UPC,anti-Balaka - UPC,anti-Balaka,UPC,2,870,85,2014,2020,7
CAN,Hells Angels - Rock Machine,Hells Angels - Rock Machine,Hells Angels,Rock Machine,2,93,35,1994,2001,1
CHN,Government of China - Civilians,Government of China - Civilians,Government of China,Civilians,4,2667,18,1989,2008,8
CHN,Han Chinese - Uighur,Han Chinese - Uighur,Han Chinese,Uighur,2,187,3,2009,2009,2
CHN,China: East Turkestan,Government of China - ETIM,Government of China,ETIM,1,64,14,1990,2017,1
CIV,Government of Ivory Coast - Civilians,Government of Ivory Coast - Civilians,Government of Ivory Coast,Civilians,4,924,157,1990,2020,15
CIV,Ivory Coast: Government,Government of Ivory Coast - MPCI,Government of Ivory Coast,MPCI,1,580,19,2002,2002,6
CIV,FRGO - Civilians,FRGO - Civilians,FRGO,Civilians,5,324,21,2010,2013,3
CIV,Burkinabé - Guéré,Burkinabé - Guéré,Burkinabé,Guéré,2,296,22,1996,2011,4
CIV,AJPSN - Civilians,AJPSN - Civilians,AJPSN,Civilians,5,208,36,2004,2011,2
CIV,FRCI - Civilians,FRCI - Civilians,FRCI,Civilians,5,206,14,2005,2011,4
CMR,Cameroon: Ambazonia,Government of Cameroon - Ambazonia insurgents,Government of Cameroon,Ambazonia insurgents,1,3133,896,2017,2025,4
CMR,Cameroon: Government,Government of Cameroon - JAS,Government of Cameroon,JAS,1,1154,200,2015,2025,2
CMR,JAS - Civilians,JAS - Civilians,JAS,Civilians,5,1120,419,2013,2025,2
CMR,Nigeria: Government,Government of Nigeria - JAS,Government of Nigeria,JAS,1,969,39,2014,2014,1
CMR,Cameroon: Islamic State,Government of Cameroon - IS,Government of Cameroon,IS,1,763,140,2015,2025,1
CMR,Government of Cameroon - Civilians,Government of Cameroon - Civilians,Government of Cameroon,Civilians,4,613,235,1990,2025,13
COD,Government of Rwanda - Civilians,Government of Rwanda - Civilians,Government of Rwanda,Civilians,4,21272,239,1994,2025,13
COD,Government of DR Congo (Zaire) - Civilians,Government of DR Congo (Zaire) - Civilians,Government of DR Congo (Zaire),Civilians,4,12175,1224,1989,2025,35
COD,IS - Civilians,IS - Civilians,IS,Civilians,5,9916,1406,2018,2025,3
COD,AFDL - Civilians,AFDL - Civilians,AFDL,Civilians,5,8273,68,1996,1997,6
COD,"Government of Burundi, Government of Rwanda - Civilians","Government of Burundi, Government of Rwanda - Civilians","Government of Burundi, Government of Rwanda",Civilians,4,6051,19,1996,1998,2
COD,DR Congo (Zaire): Government,Government of DR Congo (Zaire) - AFDL,Government of DR Congo (Zaire),AFDL,1,5754,44,1996,1997,7
COG,Congo: Government,Government of Congo - Cobras,Government of Congo,Cobras,1,9971,29,1994,1997,2
COG,Congo: Government,Government of Congo - Ntsiloulous,Government of Congo,Ntsiloulous,1,3823,65,1998,2017,4
COG,Government of Congo - Civilians,Government of Congo - Civilians,Government of Congo,Civilians,4,1226,64,1992,2005,6
COG,Congo: Government,Government of Congo - Cocoyes,Government of Congo,Cocoyes,1,305,21,1997,1999,5
COG,Congo: Government,Government of Congo - Ninjas,Government of Congo,Ninjas,1,166,13,1993,1998,2
COG,Ntsiloulous - Civilians,Ntsiloulous - Civilians,Ntsiloulous,Civilians,5,127,21,1998,2003,4
COL,Colombia: Government,Government of Colombia - FARC,Government of Colombia,FARC,1,20932,4457,1989,2020,33
COL,AUC - Civilians,AUC - Civilians,AUC,Civilians,5,10495,4658,1989,2018,29
COL,Colombia: Government,Government of Colombia - ELN,Government of Colombia,ELN,1,4067,1462,1989,2025,27
COL,FARC - Civilians,FARC - Civilians,FARC,Civilians,5,3019,1445,1989,2021,31
COL,AUC - FARC,AUC - FARC,AUC,FARC,2,2825,260,1997,2006,24
COL,Government of Colombia - Civilians,Government of Colombia - Civilians,Government of Colombia,Civilians,4,1752,1051,1989,2025,33
COM,Comoros: Anjouan,Government of Comoros - MPA/Republic of Anjouan,Government of Comoros,MPA/Republic of Anjouan,1,56,2,1997,1997,1
COM,MPA/Republic of Anjouan - MPA - SOC,MPA/Republic of Anjouan - MPA - SOC,MPA/Republic of Anjouan,MPA - SOC,2,40,3,1998,1998,1
COM,Comoros: Government,Government of Comoros - Presidential guard,Government of Comoros,Presidential guard,1,29,2,1989,1989,1
CRI,Forces of Tony Peña - Los Hondureños,Forces of Tony Peña - Los Hondureños,Forces of Tony Peña,Los Hondureños,2,154,140,2023,2025,1
CRI,Forces of Churro - Los Gemelos,Forces of Churro - Los Gemelos,Forces of Churro,Los Gemelos,2,58,58,2025,2025,1
DJI,Djibouti: Government,Government of Djibouti - FRUD,Government of Djibouti,FRUD,1,261,29,1991,1995,3
DJI,Somalia: Government,Government of Somalia - SNM,Government of Somalia,SNM,1,66,2,1989,1990,1
DJI,Government of Djibouti - Civilians,Government of Djibouti - Civilians,Government of Djibouti,Civilians,4,60,11,1991,1996,5
DJI,Djibouti: Government,Government of Djibouti - FRUD-C,Government of Djibouti,FRUD-C,1,52,11,1997,1999,3
DJI,Djibouti - Eritrea,Government of Djibouti - Government of Eritrea,Government of Djibouti,Government of Eritrea,1,35,2,2008,2008,1
DZA,Algeria: Government,Government of Algeria - GIA,Government of Algeria,GIA,1,10238,1289,1992,2004,44
DZA,Algeria: Government,Government of Algeria - AQIM,Government of Algeria,AQIM,1,6152,1873,1998,2023,45
DZA,Algeria: Government,Government of Algeria - AIS,Government of Algeria,AIS,1,2477,652,1992,1999,39
DZA,GIA - Civilians,GIA - Civilians,GIA,Civilians,5,1457,190,1993,2004,28
DZA,AIS - GIA,AIS - GIA,AIS,GIA,2,344,12,1994,1999,6
DZA,AQIM - Civilians,AQIM - Civilians,AQIM,Civilians,5,261,118,2000,2019,24
ECU,Los Choneros - Los Lobos,Los Choneros - Los Lobos,Los Choneros,Los Lobos,2,872,624,2021,2025,7
ECU,Los Lobos  - R7,Los Lobos  - R7,Los Lobos,R7,2,107,9,2022,2025,5
ECU,"Los Choneros - Los Chone Killers , Los Lobos , Los Pipos, Los Tiguerones","Los Choneros - Los Chone Killers , Los Lobos , Los Pipos, Los Tiguerones",Los Choneros,"Los Chone Killers , Los Lobos , Los Pipos, Los Tiguerones",2,105,6,2021,2021,3
ECU,Los Chone Killers  - Latin Kings,Los Chone Killers  - Latin Kings,Los Chone Killers,Latin Kings,2,92,58,2023,2025,1
ECU,Los Lobos  - Los Saobox,Los Lobos  - Los Saobox,Los Lobos,Los Saobox,2,85,30,2024,2025,2
ECU,"Fatales, Los Aguilas - Los Lobos , Los Tiguerones","Fatales, Los Aguilas - Los Lobos , Los Tiguerones","Fatales, Los Aguilas","Los Lobos , Los Tiguerones",2,83,59,2023,2024,1
EGY,Egypt: Islamic State,Government of Egypt - IS,Government of Egypt,IS,1,3652,571,2014,2023,10
EGY,IS - Civilians,IS - Civilians,IS,Civilians,5,736,55,2015,2022,7
EGY,Egypt: Government,Government of Egypt - al-Gama'a al-Islamiyya,Government of Egypt,al-Gama'a al-Islamiyya,1,630,259,1992,2000,14
EGY,al-Gama'a al-Islamiyya - Civilians,al-Gama'a al-Islamiyya - Civilians,al-Gama'a al-Islamiyya,Civilians,5,207,105,1992,1998,6
EGY,Egypt: Government,Government of Egypt - Ansar Bayt al-Maqdis,Government of Egypt,Ansar Bayt al-Maqdis,1,184,24,2014,2014,6
EGY,Opponents of Morsi - Supporters of Morsi,Opponents of Morsi - Supporters of Morsi,Opponents of Morsi,Supporters of Morsi,2,160,62,2012,2014,15
ERI,Eritrea - Ethiopia,Government of Eritrea - Government of Ethiopia,Government of Eritrea,Government of Ethiopia,1,19788,21,1998,2016,4
ERI,Eritrea: Government,Government of Eritrea - EIJM - AS,Government of Eritrea,EIJM - AS,1,148,23,1993,2003,3
ESP,Spain: Basque,Government of Spain - ETA,Government of Spain,ETA,1,209,143,1989,2009,11
ESP,GICM - Civilians,GICM - Civilians,GICM,Civilians,5,191,1,2004,2004,1
ETH,Ethiopia: Government,Government of Ethiopia - TPLF,Government of Ethiopia,TPLF,1,307576,702,2020,2025,3
ETH,Eritrea - Ethiopia,Government of Eritrea - Government of Ethiopia,Government of Eritrea,Government of Ethiopia,1,78429,13,1998,2000,1
ETH,Ethiopia: Eritrea,Government of Ethiopia - EPLF,Government of Ethiopia,EPLF,1,43470,50,1989,1991,2
ETH,Ethiopia: Government,Government of Ethiopia - EPRDF,Government of Ethiopia,EPRDF,1,41269,99,1989,1991,6
ETH,Ethiopia: Government/Amhara,Government of Ethiopia - Fano,Government of Ethiopia,Fano,1,7281,899,2023,2025,5
ETH,Government of Ethiopia - Civilians,Government of Ethiopia - Civilians,Government of Ethiopia,Civilians,4,6911,1453,1989,2025,17
FRA,IS - Civilians,IS - Civilians,IS,Civilians,5,227,8,2015,2023,5
FRA,DZ Mafia - Yoda,DZ Mafia - Yoda,DZ Mafia,Yoda,2,50,44,2023,2024,1
GBR,United Kingdom: Northern Ireland,Government of United Kingdom - PIRA,Government of United Kingdom,PIRA,1,145,105,1989,1997,2
GBR,UDA - Civilians,UDA - Civilians,UDA,Civilians,5,100,86,1989,2009,1
GBR,al-Qaida  - Civilians,al-Qaida  - Civilians,al-Qaida,Civilians,5,52,1,2005,2005,1
GBR,United Kingdom: Northern Ireland,Government of United Kingdom - RIRA,Government of United Kingdom,RIRA,1,33,4,1998,2019,1
GEO,Georgia: Abkhazia,Government of Georgia - Republic of Abkhazia,Government of Georgia,Republic of Abkhazia,1,2180,144,1992,2011,4
GEO,Georgia: South Ossetia,Government of Georgia - Republic of South Ossetia,Government of Georgia,Republic of South Ossetia,1,782,48,1992,2008,3
GEO,Georgia: Government,Government of Georgia - Zviadists,Government of Georgia,Zviadists,1,223,40,1992,1993,5
GEO,Republic of Abkhazia - Civilians,Republic of Abkhazia - Civilians,Republic of Abkhazia,Civilians,5,126,8,1993,1995,2
GEO,Georgia: Government,Government of Georgia - National Guard and Mkhedrioni,Government of Georgia,National Guard and Mkhedrioni,1,56,8,1991,1992,1
GEO,"Forest Brothers, White Legion - Republic of Abkhazia","Forest Brothers, White Legion - Republic of Abkhazia","Forest Brothers, White Legion",Republic of Abkhazia,2,38,3,1998,1998,1
GHA,"Dagomba, Gonja, Nanumba - Konkomba","Dagomba, Gonja, Nanumba - Konkomba","Dagomba, Gonja, Nanumba",Konkomba,2,2161,18,1993,1995,1
GHA,Kusasi - Mamprusi,Kusasi - Mamprusi,Kusasi,Mamprusi,2,272,53,2000,2025,3
GHA,"Gonja - Konkomba, Nawuri","Gonja - Konkomba, Nawuri",Gonja,"Konkomba, Nawuri",2,93,4,1991,1992,1
GHA,Abudu  - Andani,Abudu  - Andani,Abudu,Andani,2,36,1,2002,2002,1
GHA,Birifor  - Gonja,Birifor  - Gonja,Birifor,Gonja,2,31,3,2025,2025,1
GIN,Guinea: Government,Government of Guinea - RFDG,Government of Guinea,RFDG,1,647,24,2000,2001,4
GIN,Government of Guinea - Civilians,Government of Guinea - Civilians,Government of Guinea,Civilians,4,237,38,2005,2019,8
GIN,Konianke - Kpelle,Konianke - Kpelle,Konianke,Kpelle,2,98,3,2013,2013,1
GIN,Torma - Torma Manian,Torma - Torma Manian,Torma,Torma Manian,2,50,3,2000,2020,1
GIN,RUF - Civilians,RUF - Civilians,RUF,Civilians,5,32,9,1998,2000,3
GIN,"Kpelle - Konianke, Malinké","Kpelle - Konianke, Malinké",Kpelle,"Konianke, Malinké",2,30,1,2020,2020,1
GNB,Guinea-Bissau: Government,"Government of Guinea-Bissau - Military Junta for the Consolidation of Democracy, Peace and Justice",Government of Guinea-Bissau,"Military Junta for the Consolidation of Democracy, Peace and Justice",1,704,19,1998,1999,6
GTM,Government of Guatemala - Civilians,Government of Guatemala - Civilians,Government of Guatemala,Civilians,4,2212,191,1989,2007,18
GTM,Guatemala: Government,Government of Guatemala - URNG,Government of Guatemala,URNG,1,439,271,1989,1996,17
GTM,M18 - MS-13,M18 - MS-13,M18,MS-13,2,157,34,2001,2025,5
GTM,M18 - Civilians,M18 - Civilians,M18,Civilians,5,62,37,2007,2025,6
GTM,MS-13 - Civilians,MS-13 - Civilians,MS-13,Civilians,5,54,18,2003,2025,3
GTM,Gulf Cartel - Sinaloa Cartel,Gulf Cartel - Sinaloa Cartel,Gulf Cartel,Sinaloa Cartel,2,28,2,2008,2008,2
GUY,Buxton gang - Civilians,Buxton gang - Civilians,Buxton gang,Civilians,5,29,3,2008,2008,3
HND,M18 - MS-13,M18 - MS-13,M18,MS-13,2,349,82,1999,2025,8
HND,MS-13 - Civilians,MS-13 - Civilians,MS-13,Civilians,5,80,19,2003,2024,5
HND,M18 - Civilians,M18 - Civilians,M18,Civilians,5,68,38,2003,2024,6
HRV,Croatia: Serb,Government of Croatia - Serbian Republic of Krajina,Government of Croatia,Serbian Republic of Krajina,1,1261,136,1992,1995,14
HRV,Government of Croatia - Civilians,Government of Croatia - Civilians,Government of Croatia,Civilians,4,165,13,1993,1995,8
HRV,Croatia: Serb,Government of Croatia - Serbian irregulars,Government of Croatia,Serbian irregulars,1,25,2,1992,1992,0
HTI,Haiti: Government,Government of Haiti - Viv Ansanm,Government of Haiti,Viv Ansanm,1,1428,134,2024,2025,4
HTI,Viv Ansanm - Civilians,Viv Ansanm - Civilians,Viv Ansanm,Civilians,5,1307,129,2024,2025,3
HTI,Government of Haiti - Civilians,Government of Haiti - Civilians,Government of Haiti,Civilians,4,462,53,1990,2025,4
HTI,G9 - G-Pep,G9 - G-Pep,G9,G-Pep,2,391,20,2021,2024,1
HTI,Gran Grif - Civilians,Gran Grif - Civilians,Gran Grif,Civilians,5,383,28,2020,2025,1
HTI,G9 - Civilians,G9 - Civilians,G9,Civilians,5,309,61,2020,2024,1
IDN,Indonesia: Aceh,Government of Indonesia - GAM,Government of Indonesia,GAM,1,3402,997,1989,2008,2
IDN,Christians (Indonesia) - Muslims (Indonesia),Christians (Indonesia) - Muslims (Indonesia),Christians (Indonesia),Muslims (Indonesia),2,1750,120,1999,2011,5
IDN,Government of Indonesia - Civilians,Government of Indonesia - Civilians,Government of Indonesia,Civilians,4,1739,430,1990,2025,22
IDN,Dayak - Madurese,Dayak - Madurese,Dayak,Madurese,2,857,36,1997,2001,3
IDN,Indonesia: West Papua,Government of Indonesia - OPM,Government of Indonesia,OPM,1,463,235,1989,2025,6
IDN,Indonesia: East Timor,Government of Indonesia - CNRT,Government of Indonesia,CNRT,1,282,62,1990,1999,1
IND,India: Kashmir,Government of India - Kashmir insurgents,Government of India,Kashmir insurgents,1,20172,7266,1989,2025,9
IND,India: Punjab/Khalistan,Government of India - Sikh insurgents,Government of India,Sikh insurgents,1,8182,214,1989,1994,9
IND,India: Government,Government of India - CPI-Maoist,Government of India,CPI-Maoist,1,6004,2205,2004,2025,16
IND,Kashmir insurgents - Civilians,Kashmir insurgents - Civilians,Kashmir insurgents,Civilians,5,3872,1854,1989,2025,9
IND,Hindus (India) - Muslims (India),Hindus (India) - Muslims (India),Hindus (India),Muslims (India),2,3214,246,1989,2024,18
IND,CPI-Maoist - Civilians,CPI-Maoist - Civilians,CPI-Maoist,Civilians,5,2298,1709,2005,2025,12
IRN,Iran - Israel,Government of Iran - Government of Israel,Government of Iran,Government of Israel,1,1371,38,2020,2025,12
IRN,Iran: Government,Government of Iran - PJAK,Government of Iran,PJAK,1,634,126,2005,2025,5
IRN,Government of Iran - Civilians,Government of Iran - Civilians,Government of Iran,Civilians,4,629,304,2000,2025,26
IRN,Iran: Government,Government of Iran - Jaish al-Adl,Government of Iran,Jaish al-Adl,1,326,81,2014,2025,1
IRN,Iran: Government,Government of Iran - MEK,Government of Iran,MEK,1,323,70,1991,2001,10
IRN,Iran: Government,Government of Iran - Jondullah,Government of Iran,Jondullah,1,287,40,2003,2012,2
IRQ,Iraq: Government,Government of Iraq - IS,Government of Iraq,IS,1,62568,5495,2004,2025,21
IRQ,Iraq - Kuwait,Government of Iraq - Government of Kuwait,Government of Iraq,Government of Kuwait,1,21252,50,1991,1991,12
IRQ,IS - Civilians,IS - Civilians,IS,Civilians,5,16379,1449,2003,2025,16
IRQ,"Australia, United Kingdom, United States - Iraq","Government of Australia, Government of United Kingdom, Government of United States of America - Government of Iraq","Government of Australia, Government of United Kingdom, Government of United States of America",Government of Iraq,1,7927,95,2003,2003,12
IRQ,Turkey: Kurdistan,Government of Turkey - PKK,Government of Turkey,PKK,1,6262,1652,1991,2025,8
IRQ,Government of Iraq - Civilians,Government of Iraq - Civilians,Government of Iraq,Civilians,4,3067,163,1990,2025,20
ISR,Israel: Palestine,Government of Israel - Hamas,Government of Israel,Hamas,1,66617,8955,1989,2025,8
ISR,Israel: Palestine,Government of Israel - PIJ,Government of Israel,PIJ,1,2208,832,1990,2025,8
ISR,Hamas - Civilians,Hamas - Civilians,Hamas,Civilians,5,1188,145,1990,2023,8
ISR,Israel: Palestine,Government of Israel - Fatah,Government of Israel,Fatah,1,585,336,1989,2025,6
ISR,Government of Israel - Civilians,Government of Israel - Civilians,Government of Israel,Civilians,4,449,437,1989,2025,5
ISR,Israel: Palestine,Government of Israel - PNA,Government of Israel,PNA,1,346,166,1995,2025,4
JAM,Supporters of JLP - Supporters of PNP,Supporters of JLP - Supporters of PNP,Supporters of JLP,Supporters of PNP,2,144,29,1989,2002,2
JAM,King Valley Gang - Ants Posse Gang,King Valley Gang - Ants Posse Gang,King Valley Gang,Ants Posse Gang,2,51,5,2024,2024,1
JOR,IS - Civilians,IS - Civilians,IS,Civilians,5,59,1,2005,2005,1
JOR,Jordan: Islamic State,Government of Jordan - IS,Government of Jordan,IS,1,34,4,2016,2016,3
KEN,Kenya: Northeastern Province and Coast,Government of Kenya - Al-Shabaab,Government of Kenya,Al-Shabaab,1,838,298,2015,2025,11
KEN,Pokot - Turkana,Pokot - Turkana,Pokot,Turkana,2,714,114,1995,2021,5
KEN,Al-Shabaab - Civilians,Al-Shabaab - Civilians,Al-Shabaab,Civilians,5,592,103,2011,2025,11
KEN,Government of Kenya - Civilians,Government of Kenya - Civilians,Government of Kenya,Civilians,4,420,176,1990,2025,29
KEN,Dassanetch - Turkana,Dassanetch - Turkana,Dassanetch,Turkana,2,387,43,1991,2025,2
KEN,Kalenjin - Kikuyu,Kalenjin - Kikuyu,Kalenjin,Kikuyu,2,327,52,1991,2008,3
KGZ,Uzbekistan: Government,Government of Uzbekistan - IMU,Government of Uzbekistan,IMU,1,194,22,1999,2006,3
KGZ,Kyrgyzstan - Tajikistan,Government of Kyrgyzstan - Government of Tajikistan,Government of Kyrgyzstan,Government of Tajikistan,1,104,31,2015,2022,1
KGZ,Kyrgyz - Uzbek,Kyrgyz - Uzbek,Kyrgyz,Uzbek,2,44,25,2010,2010,3
KHM,Cambodia (Kampuchea): Government,Government of Cambodia (Kampuchea) - KR,Government of Cambodia (Kampuchea),KR,1,3193,368,1989,1998,20
KHM,KR - Civilians,KR - Civilians,KR,Civilians,5,673,76,1990,1998,18
KHM,Cambodia (Kampuchea): Government,Government of Cambodia (Kampuchea) - KPNLF,Government of Cambodia (Kampuchea),KPNLF,1,401,22,1989,1991,3
KHM,Cambodia (Kampuchea): Government,Government of Cambodia (Kampuchea) - Forces of Norodom Ranariddh,Government of Cambodia (Kampuchea),Forces of Norodom Ranariddh,1,352,32,1997,1998,5
KHM,Cambodia (Kampuchea): Government,Government of Cambodia (Kampuchea) - FUNCINPEC,Government of Cambodia (Kampuchea),FUNCINPEC,1,293,4,1989,1991,1
KHM,Cambodia (Kampuchea) - Thailand,Government of Cambodia (Kampuchea) - Government of Thailand,Government of Cambodia (Kampuchea),Government of Thailand,1,192,22,1997,2025,2
KWT,Iraq - Kuwait,Government of Iraq - Government of Kuwait,Government of Iraq,Government of Kuwait,1,1504,25,1990,1991,1
KWT,Government of Iraq - Civilians,Government of Iraq - Civilians,Government of Iraq,Civilians,4,286,14,1990,1996,1
KWT,IS - Civilians,IS - Civilians,IS,Civilians,5,26,1,2015,2015,1
LAO,Laos: Government,Government of Laos - LRM,Government of Laos,LRM,1,284,7,1989,2000,5
LAO,Government of Laos - Civilians,Government of Laos - Civilians,Government of Laos,Civilians,4,101,17,1990,2006,6
LBN,Israel: Southern Lebanon,Government of Israel - Hezbollah,Government of Israel,Hezbollah,1,6698,1932,1989,2025,9
LBN,Lebanon: Government,Government of Lebanon - Forces of Michel Aoun,Government of Lebanon,Forces of Michel Aoun,1,1158,79,1989,1990,2
LBN,Forces of Michel Aoun - Lebanese Forces,Forces of Michel Aoun - Lebanese Forces,Forces of Michel Aoun,Lebanese Forces,2,852,44,1989,1990,2
LBN,Amal - Hezbollah,Amal - Hezbollah,Amal,Hezbollah,2,487,59,1989,2000,4
LBN,Lebanon: Islamic State,Government of Lebanon - IS,Government of Lebanon,IS,1,311,44,2014,2020,4
LBN,Hezbollah - SLA,Hezbollah - SLA,Hezbollah,SLA,2,293,185,1989,2000,3
LBR,NPFL - Civilians,NPFL - Civilians,NPFL,Civilians,5,6019,127,1989,1996,14
LBR,Government of Liberia - Civilians,Government of Liberia - Civilians,Government of Liberia,Civilians,4,4240,80,1989,2024,10
LBR,Liberia: Government,Government of Liberia - LURD,Government of Liberia,LURD,1,2601,67,2000,2003,10
LBR,LPC - Civilians,LPC - Civilians,LPC,Civilians,5,2228,56,1993,1996,10
LBR,"NPFL, ULIMO - K - AFL, LPC, ULIMO - J","NPFL, ULIMO - K - AFL, LPC, ULIMO - J","NPFL, ULIMO - K","AFL, LPC, ULIMO - J",2,2000,16,1996,1996,1
LBR,ULIMO - K - Civilians,ULIMO - K - Civilians,ULIMO - K,Civilians,5,1403,33,1994,1996,4
LBY,Libya: Government,Government of Libya - NTC,Government of Libya,NTC,1,3049,187,2011,2011,12
LBY,Libya: Government,Government of Libya - Forces of the House of Representatives,Government of Libya,Forces of the House of Representatives,1,2726,327,2014,2023,15
LBY,Libya: Islamic State,Government of Libya - IS,Government of Libya,IS,1,1982,142,2015,2022,10
LBY,Benghazi Revolutionaries Shura Council - Forces of the House of Representatives,Benghazi Revolutionaries Shura Council - Forces of the House of Representatives,Benghazi Revolutionaries Shura Council,Forces of the House of Representatives,2,1549,144,2014,2018,2
LBY,Libya: Government,Government of Libya - Forces of Muammar Gaddafi,Government of Libya,Forces of Muammar Gaddafi,1,713,41,2011,2011,4
LBY,Forces of the House of Representatives - IS,Forces of the House of Representatives - IS,Forces of the House of Representatives,IS,2,643,92,2015,2022,10
LKA,Sri Lanka (Ceylon): Eelam,Government of Sri Lanka - LTTE,Government of Sri Lanka,LTTE,1,60697,4007,1989,2009,9
LKA,LTTE - Civilians,LTTE - Civilians,LTTE,Civilians,5,2482,244,1989,2009,9
LKA,Government of Sri Lanka - Civilians,Government of Sri Lanka - Civilians,Government of Sri Lanka,Civilians,4,756,56,1989,2017,9
LKA,Sri Lanka (Ceylon): Government,Government of Sri Lanka - JVP,Government of Sri Lanka,JVP,1,449,118,1989,1990,8
LKA,JVP - Civilians,JVP - Civilians,JVP,Civilians,5,257,57,1989,1990,6
LKA,IS - Civilians,IS - Civilians,IS,Civilians,5,255,4,2019,2019,2
LSO,Lesotho: Government,Government of Lesotho - Military faction (Lesotho),Government of Lesotho,Military faction (Lesotho),1,78,5,1998,1998,2
MAR,Morocco: Sahrawi Arab Democratic Republic (Western Sahara),Government of Morocco - POLISARIO,Government of Morocco,POLISARIO,1,267,26,1989,2025,6
MAR,Salafia Jihadia - Civilians,Salafia Jihadia - Civilians,Salafia Jihadia,Civilians,5,34,2,2003,2003,1
MDA,Moldova: Dniestr,Government of Moldova - PMR,Government of Moldova,PMR,1,585,77,1992,1992,5
MDG,Supporters of Andry Rajoelina - Supporters of Marc Ravalomanana,Supporters of Andry Rajoelina - Supporters of Marc Ravalomanana,Supporters of Andry Rajoelina,Supporters of Marc Ravalomanana,2,82,6,2009,2009,3
MDG,Supporters of Didier Ratsiraka - Supporters of Marc Ravalomanana,Supporters of Didier Ratsiraka - Supporters of Marc Ravalomanana,Supporters of Didier Ratsiraka,Supporters of Marc Ravalomanana,2,79,32,2002,2002,5
MDG,Government of Madagascar - Civilians,Government of Madagascar - Civilians,Government of Madagascar,Civilians,4,73,9,2009,2020,6
MEX,Jalisco Cartel New Generation - Sinaloa Cartel,Jalisco Cartel New Generation - Sinaloa Cartel,Jalisco Cartel New Generation,Sinaloa Cartel,2,30566,4485,2015,2025,19
MEX,Juarez Cartel - Sinaloa Cartel,Juarez Cartel - Sinaloa Cartel,Juarez Cartel,Sinaloa Cartel,2,29442,4934,2004,2025,10
MEX,Jalisco Cartel New Generation - Santa Rosa de Lima Cartel,Jalisco Cartel New Generation - Santa Rosa de Lima Cartel,Jalisco Cartel New Generation,Santa Rosa de Lima Cartel,2,19752,3516,2002,2025,5
MEX,Jalisco Cartel New Generation - Los Zetas,Jalisco Cartel New Generation - Los Zetas,Jalisco Cartel New Generation,Los Zetas,2,8145,655,2011,2022,13
MEX,Gulf Cartel - Los Zetas,Gulf Cartel - Los Zetas,Gulf Cartel,Los Zetas,2,6916,613,2010,2021,13
MEX,Beltrán Leyva Cartel - Sinaloa Cartel,Beltrán Leyva Cartel - Sinaloa Cartel,Beltrán Leyva Cartel,Sinaloa Cartel,2,6181,301,2008,2021,8
MKD,North Macedonia: Government,Government of North Macedonia - UCK,Government of North Macedonia,UCK,1,75,54,2000,2001,9
MLI,Mali: Government,Government of Mali - JNIM,Government of Mali,JNIM,1,6052,1239,2017,2025,11
MLI,Government of Mali - Civilians,Government of Mali - Civilians,Government of Mali,Civilians,4,1666,191,1990,2025,9
MLI,IS - Civilians,IS - Civilians,IS,Civilians,5,1397,137,2017,2025,4
MLI,Mali: Islamic State,Government of Mali - IS,Government of Mali,IS,1,1342,230,2017,2025,5
MLI,JNIM - Civilians,JNIM - Civilians,JNIM,Civilians,5,1155,193,2017,2025,10
MLI,IS - JNIM,IS - JNIM,IS,JNIM,2,937,74,2020,2025,6
MMR,Government of Myanmar (Burma) - Civilians,Government of Myanmar (Burma) - Civilians,Government of Myanmar (Burma),Civilians,4,8557,2376,1989,2025,20
MMR,Myanmar (Burma): Government,Government of Myanmar (Burma) - NUG,Government of Myanmar (Burma),NUG,1,5415,3350,2021,2025,15
MMR,Myanmar (Burma): Karen,Government of Myanmar (Burma) - KNU,Government of Myanmar (Burma),KNU,1,5338,853,1989,2025,14
MMR,Myanmar (Burma): Kachin,Government of Myanmar (Burma) - KIO,Government of Myanmar (Burma),KIO,1,2894,651,1989,2025,4
MMR,Myanmar (Burma): Arakan,Government of Myanmar (Burma) - ULA,Government of Myanmar (Burma),ULA,1,1707,499,2015,2025,7
MMR,MTA - UWSA,MTA - UWSA,MTA,UWSA,2,1631,9,1990,1995,1
MOZ,Mozambique: Government,Government of Mozambique - Renamo,Government of Mozambique,Renamo,1,4964,242,1989,2023,11
MOZ,Mozambique: Islamic State,Government of Mozambique - IS,Government of Mozambique,IS,1,2950,497,2019,2025,3
MOZ,IS - Civilians,IS - Civilians,IS,Civilians,5,2347,540,2019,2025,3
MOZ,Renamo - Civilians,Renamo - Civilians,Renamo,Civilians,5,1465,121,1989,2022,10
MOZ,Government of Mozambique - Civilians,Government of Mozambique - Civilians,Government of Mozambique,Civilians,4,552,195,1993,2025,11
MOZ,ASWJ - Civilians,ASWJ - Civilians,ASWJ,Civilians,5,288,72,2017,2019,1
MRT,Mauritanian - Senegalese,Mauritanian - Senegalese,Mauritanian,Senegalese,2,102,5,1989,1989,2
MRT,Government of Mauritania - Civilians,Government of Mauritania - Civilians,Government of Mauritania,Civilians,4,58,21,1989,2020,6
MRT,Mauritania: Government,Government of Mauritania - AQIM,Government of Mauritania,AQIM,1,31,9,2008,2023,6
MYS,Malaysia: Sabah,Government of Malaysia - Sultanate of Sulu,Government of Malaysia,Sultanate of Sulu,1,70,13,2013,2013,1
NAM,Angola: Government,Government of Angola - UNITA,Government of Angola,UNITA,1,55,8,1999,2000,2
NER,Niger: Islamic State,Government of Niger - IS,Government of Niger,IS,1,3513,307,2015,2025,6
NER,IS - Civilians,IS - Civilians,IS,Civilians,5,1761,215,2015,2025,4
NER,Niger: Government,Government of Niger - JNIM,Government of Niger,JNIM,1,907,89,2017,2025,5
NER,Government of Niger - Civilians,Government of Niger - Civilians,Government of Niger,Civilians,4,552,35,1990,2025,7
NER,Nigeria: Government,Government of Nigeria - JAS,Government of Nigeria,JAS,1,356,30,2015,2025,1
NER,Government of Libya - Civilians,Government of Libya - Civilians,Government of Libya,Civilians,4,170,1,1989,1989,1
NGA,Nigeria: Islamic State,Government of Nigeria - IS,Government of Nigeria,IS,1,15593,2096,2015,2025,13
NGA,Nigeria: Government,Government of Nigeria - JAS,Government of Nigeria,JAS,1,13202,1227,2009,2025,16
NGA,JAS - Civilians,JAS - Civilians,JAS,Civilians,5,9891,894,2009,2025,13
NGA,Christians (Nigeria) - Muslims (Nigeria),Christians (Nigeria) - Muslims (Nigeria),Christians (Nigeria),Muslims (Nigeria),2,5750,184,1991,2022,20
NGA,IS - Civilians,IS - Civilians,IS,Civilians,5,4262,460,2015,2025,14
NGA,Government of Nigeria - Civilians,Government of Nigeria - Civilians,Government of Nigeria,Civilians,4,4151,374,1990,2025,35
NIC,Nicaragua: Government,Government of Nicaragua - Contras,Government of Nicaragua,Contras,1,565,27,1989,1990,7
NPL,Nepal: Government,Government of Nepal - CPN-M,Government of Nepal,CPN-M,1,9924,3701,1996,2009,14
NPL,CPN-M - Civilians,CPN-M - Civilians,CPN-M,Civilians,5,1227,1122,1996,2007,14
NPL,Government of Nepal - Civilians,Government of Nepal - Civilians,Government of Nepal,Civilians,4,1174,827,1990,2025,16
NPL,CPN-M - MJF,CPN-M - MJF,CPN-M,MJF,2,30,4,2007,2007,3
PAK,Pakistan: Government,Government of Pakistan - TTP,Government of Pakistan,TTP,1,32406,5053,2007,2025,8
PAK,TTP - Civilians,TTP - Civilians,TTP,Civilians,5,2542,531,2007,2025,7
PAK,United States of America: Government,Government of United States of America - al-Qaida,Government of United States of America,al-Qaida,1,2259,476,2001,2018,6
PAK,Pakistan: Balochistan,Government of Pakistan - BRAS,Government of Pakistan,BRAS,1,1384,809,2019,2025,4
PAK,Pakistan: Government,Government of Pakistan - Lashkar-e-Islam,Government of Pakistan,Lashkar-e-Islam,1,987,124,2008,2015,3
PAK,LeJ - Civilians,LeJ - Civilians,LeJ,Civilians,5,984,67,1996,2023,6
PAN,Panama - United States of America,Government of Panama - Government of United States of America,Government of Panama,Government of United States of America,1,843,2,1989,1989,1
PAN,Panama: Government,Government of Panama - Military faction (forces of Moisés Giroldi),Government of Panama,Military faction (forces of Moisés Giroldi),1,77,1,1989,1989,1
PER,Peru: Government,Government of Peru - Sendero Luminoso,Government of Peru,Sendero Luminoso,1,6353,598,1989,2023,28
PER,Sendero Luminoso - Civilians,Sendero Luminoso - Civilians,Sendero Luminoso,Civilians,5,681,188,1989,2011,17
PER,Peru: Government,Government of Peru - MRTA,Government of Peru,MRTA,1,486,40,1989,1997,9
PER,Government of Peru - Civilians,Government of Peru - Civilians,Government of Peru,Civilians,4,142,36,1989,2022,15
PER,Ecuador - Peru,Government of Ecuador - Government of Peru,Government of Ecuador,Government of Peru,1,88,22,1995,1995,1
PER,MRTA - Sendero Luminoso,MRTA - Sendero Luminoso,MRTA,Sendero Luminoso,2,67,5,1989,1991,1
PHL,Philippines: Government,Government of Philippines - CPP,Government of Philippines,CPP,1,9133,2187,1989,2025,78
PHL,Philippines: Mindanao,Government of Philippines - MILF,Government of Philippines,MILF,1,3597,412,1990,2025,16
PHL,Philippines: Mindanao,Government of Philippines - ASG,Government of Philippines,ASG,1,3430,641,1993,2023,14
PHL,Philippines: Islamic State,Government of Philippines - IS,Government of Philippines,IS,1,2182,343,2016,2025,16
PHL,Philippines: Mindanao,Government of Philippines - MNLF - NM,Government of Philippines,MNLF - NM,1,492,46,2001,2013,3
PHL,Philippines: Mindanao,Government of Philippines - BIFM,Government of Philippines,BIFM,1,484,95,2012,2016,4
PNG,Papua New Guinea: Bougainville,Government of Papua New Guinea - BRA,Government of Papua New Guinea,BRA,1,297,77,1989,1997,1
PNG,"Ambulin, Lungupin, Nenei, Sau, Sau Walep, Yandamau, Yopo - Kaekin, Lanzerakin, Lyona, Mupapalu, Murap, Palinau, Sakaikin, Sikin, Wapukin","Ambulin, Lungupin, Nenei, Sau, Sau Walep, Yandamau, Yopo - Kaekin, Lanzerakin, Lyona, Mupapalu, Murap, Palinau, Sakaikin, Sikin, Wapukin","Ambulin, Lungupin, Nenei, Sau, Sau Walep, Yandamau, Yopo","Kaekin, Lanzerakin, Lyona, Mupapalu, Murap, Palinau, Sakaikin, Sikin, Wapukin",2,156,6,2021,2024,1
PNG,Government of Papua New Guinea - Civilians,Government of Papua New Guinea - Civilians,Government of Papua New Guinea,Civilians,4,99,29,1989,2024,7
PNG,Aiyala - Nomali,Aiyala - Nomali,Aiyala,Nomali,2,71,6,2022,2022,1
PNG,Akibu - Tonakau,Akibu - Tonakau,Akibu,Tonakau,2,70,3,1999,2000,1
PNG,Akul - Kambrip,Akul - Kambrip,Akul,Kambrip,2,57,4,2012,2012,1
PRY,Paraguay: Government,Government of Paraguay - Military faction (forces of Andres Rodriguez),Government of Paraguay,Military faction (forces of Andres Rodriguez),1,150,1,1989,1989,1
ROU,Government of Romania - Civilians,Government of Romania - Civilians,Government of Romania,Civilians,4,199,6,1989,1989,3
ROU,Romania: Government,Government of Romania - NSF,Government of Romania,NSF,1,196,5,1989,1989,3
ROU,Romania: Government,Government of Romania - Military faction (forces of Nicolae Ceausescu),Government of Romania,Military faction (forces of Nicolae Ceausescu),1,53,5,1989,1989,4
RUS,Russia (Soviet Union): Chechnya,Government of Russia (Soviet Union) - Chechen Republic of Ichkeria,Government of Russia (Soviet Union),Chechen Republic of Ichkeria,1,18198,1805,1994,2023,11
RUS,Russia - Ukraine,Government of Russia (Soviet Union) - Government of Ukraine,Government of Russia (Soviet Union),Government of Ukraine,1,14941,1310,2022,2025,22
RUS,Russia (Soviet Union): Caucasus Emirate,Government of Russia (Soviet Union) - Forces of the Caucasus Emirate,Government of Russia (Soviet Union),Forces of the Caucasus Emirate,1,2954,1476,2007,2018,15
RUS,Government of Russia (Soviet Union) - Civilians,Government of Russia (Soviet Union) - Civilians,Government of Russia (Soviet Union),Civilians,4,2401,176,1989,2025,14
RUS,Russia: Islamic State,Government of Russia (Soviet Union) - IS,Government of Russia (Soviet Union),IS,1,338,138,2015,2025,21
RUS,Chechen Republic of Ichkeria - Civilians,Chechen Republic of Ichkeria - Civilians,Chechen Republic of Ichkeria,Civilians,5,276,48,1995,2007,6
RWA,Government of Rwanda - Civilians,Government of Rwanda - Civilians,Government of Rwanda,Civilians,4,773042,2185,1990,2024,12
RWA,FPR - Civilians,FPR - Civilians,FPR,Civilians,5,11291,54,1990,1995,8
RWA,Rwanda: Government,Government of Rwanda - FPR,Government of Rwanda,FPR,1,3601,141,1990,1994,8
RWA,Rwanda: Government,Government of Rwanda - ALiR,Government of Rwanda,ALiR,1,2204,92,1996,1998,9
RWA,Rwanda: Government,Government of Rwanda - FDLR-FOCA,Government of Rwanda,FDLR-FOCA,1,2087,28,2001,2018,6
RWA,ALiR - Civilians,ALiR - Civilians,ALiR,Civilians,5,1713,74,1996,1999,7
SAU,Yemen (North Yemen): Government,Government of Yemen (North Yemen) - Forces of the Presidential Leadership Council,Government of Yemen (North Yemen),Forces of the Presidential Leadership Council,1,282,95,2015,2025,4
SAU,United States of America: Government,Government of United States of America - al-Qaida,Government of United States of America,al-Qaida,1,102,53,2004,2007,5
SAU,Iraq - Kuwait,Government of Iraq - Government of Kuwait,Government of Iraq,Government of Kuwait,1,91,4,1991,1991,2
SAU,al-Qaida  - Civilians,al-Qaida  - Civilians,al-Qaida,Civilians,5,59,12,2003,2007,4
SAU,IS - Civilians,IS - Civilians,IS,Civilians,5,37,7,2015,2016,4
SDN,SFA - Civilians,SFA - Civilians,SFA,Civilians,5,61973,143,2025,2025,11
SDN,Sudan: Government,Government of Sudan - SPLM/A,Government of Sudan,SPLM/A,1,31228,406,1989,2004,27
SDN,Sudan: Government,Government of Sudan - RSF,Government of Sudan,RSF,1,18326,827,2023,2025,16
SDN,Government of Sudan - Civilians,Government of Sudan - Civilians,Government of Sudan,Civilians,4,15832,1049,1989,2025,37
SDN,Sudan: Government,Government of Sudan - SFA,Government of Sudan,SFA,1,10253,424,2025,2025,14
SDN,Sudan: Government,Government of Sudan - SLM/A,Government of Sudan,SLM/A,1,5227,190,2003,2022,7
SEN,Senegal: Casamance,Government of Senegal - MFDC,Government of Senegal,MFDC,1,1447,151,1990,2021,4
SEN,MFDC - Civilians,MFDC - Civilians,MFDC,Civilians,5,320,95,1990,2018,3
SEN,Mauritanian - Senegalese,Mauritanian - Senegalese,Mauritanian,Senegalese,2,126,12,1989,1998,4
SEN,MFDC Front Nord - MD - MFDC - S,MFDC Front Nord - MD - MFDC - S,MFDC Front Nord - MD,MFDC - S,2,124,2,2006,2006,1
SEN,Government of Senegal - Civilians,Government of Senegal - Civilians,Government of Senegal,Civilians,4,80,28,1990,2018,4
SEN,Government of Gambia - Civilians,Government of Gambia - Civilians,Government of Gambia,Civilians,4,45,1,2005,2005,1
SLE,RUF - Civilians,RUF - Civilians,RUF,Civilians,5,5954,533,1991,2001,3
SLE,Sierra Leone: Government,Government of Sierra Leone - RUF,Government of Sierra Leone,RUF,1,5559,410,1991,2001,4
SLE,Sierra Leone: Government,Government of Sierra Leone - AFRC,Government of Sierra Leone,AFRC,1,4839,145,1997,1999,4
SLE,AFRC - Civilians,AFRC - Civilians,AFRC,Civilians,5,2067,164,1998,2000,4
SLE,Sierra Leone: Government,Government of Sierra Leone - Kamajors,Government of Sierra Leone,Kamajors,1,1043,73,1997,1998,4
SLE,Government of Sierra Leone - Civilians,Government of Sierra Leone - Civilians,Government of Sierra Leone,Civilians,4,653,119,1991,2021,4
SLV,El Salvador: Government,Government of El Salvador - FMLN,Government of El Salvador,FMLN,1,5865,115,1989,1992,12
SLV,MS-13 - Civilians,MS-13 - Civilians,MS-13,Civilians,5,112,81,2009,2022,13
SLV,La Raza - M18,La Raza - M18,La Raza,M18,2,34,1,2004,2004,1
SLV,M18 - Civilians,M18 - Civilians,M18,Civilians,5,34,7,2009,2017,2
SLV,M18 - MS-13,M18 - MS-13,M18,MS-13,2,28,9,2004,2021,2
SOM,Somalia: Government,Government of Somalia - Al-Shabaab,Government of Somalia,Al-Shabaab,1,36435,5034,2008,2025,17
SOM,Somalia: Government,Government of Somalia - USC/SNA,Government of Somalia,USC/SNA,1,5776,92,1991,1996,5
SOM,Somalia: Government,Government of Somalia - USC/SSA,Government of Somalia,USC/SSA,1,4456,12,1990,1991,3
SOM,Republic of Somaliland - SNM - 'Calan cas',Republic of Somaliland - SNM - 'Calan cas',Republic of Somaliland,SNM - 'Calan cas',2,2500,2,1992,1992,2
SOM,Somalia: Government,Government of Somalia - ARS/UIC,Government of Somalia,ARS/UIC,1,2312,336,2006,2009,10
SOM,Somalia: Government,Government of Somalia - SNM,Government of Somalia,SNM,1,1813,62,1989,1991,9
SRB,Serbia (Yugoslavia): Croatia,Government of Serbia (Yugoslavia) - Republic of Croatia,Government of Serbia (Yugoslavia),Republic of Croatia,1,3086,229,1991,1992,5
SRB,Serbia (Yugoslavia): Kosovo,Government of Serbia (Yugoslavia) - UCK,Government of Serbia (Yugoslavia),UCK,1,2622,461,1996,1999,15
SRB,Republic of Bosnia-Herzegovina - Serbian Republic of Bosnia-Herzegovina,Republic of Bosnia-Herzegovina - Serbian Republic of Bosnia-Herzegovina,Republic of Bosnia-Herzegovina,Serbian Republic of Bosnia-Herzegovina,2,1090,162,1992,1992,2
SRB,Government of Serbia (Yugoslavia) - Civilians,Government of Serbia (Yugoslavia) - Civilians,Government of Serbia (Yugoslavia),Civilians,4,989,104,1991,1999,3
SRB,Republic of Croatia - Serbian Republic of Krajina,Republic of Croatia - Serbian Republic of Krajina,Republic of Croatia,Serbian Republic of Krajina,2,523,134,1992,1992,2
SRB,Republic of Croatia - SAO Krajina,Republic of Croatia - SAO Krajina,Republic of Croatia,SAO Krajina,2,189,41,1991,1991,1
SSD,South Sudan: Government,Government of South Sudan - SPLM/A - IO,Government of South Sudan,SPLM/A - IO,1,5048,320,2013,2025,10
SSD,Government of South Sudan - Civilians,Government of South Sudan - Civilians,Government of South Sudan,Civilians,4,2133,305,2012,2025,9
SSD,Lou Nuer - Murle,Lou Nuer - Murle,Lou Nuer,Murle,2,1710,34,2011,2025,1
SSD,SPLM/A - IO - Civilians,SPLM/A - IO - Civilians,SPLM/A - IO,Civilians,5,814,66,2013,2025,9
SSD,Luac Jang Dinka - Pakam Dinka,Luac Jang Dinka - Pakam Dinka,Luac Jang Dinka,Pakam Dinka,2,550,6,2018,2024,2
SSD,Bor Dinka - Murle,Bor Dinka - Murle,Bor Dinka,Murle,2,411,28,2011,2024,1
SWZ,Government of eSwatini (Swaziland) - Civilians,Government of eSwatini (Swaziland) - Civilians,Government of eSwatini (Swaziland),Civilians,4,57,21,2019,2025,4
SYR,Syria: Government,Government of Syria - Syrian insurgents,Government of Syria,Syrian insurgents,1,287365,66173,2011,2024,14
SYR,Syria: Islamic State,Government of Syria - IS,Government of Syria,IS,1,50054,6704,2013,2025,14
SYR,IS - SDF,IS - SDF,IS,SDF,2,20922,3915,2015,2025,8
SYR,Government of Syria - Civilians,Government of Syria - Civilians,Government of Syria,Civilians,4,11570,2272,2004,2025,14
SYR,IS - Civilians,IS - Civilians,IS,Civilians,5,5849,1389,2013,2025,13
SYR,SNA - SDF,SNA - SDF,SNA,SDF,2,3288,830,2018,2025,4
TCD,Chad: Government,Government of Chad - MDJT,Government of Chad,MDJT,1,1940,35,1999,2003,6
TCD,Government of Chad - Civilians,Government of Chad - Civilians,Government of Chad,Civilians,4,1004,75,1990,2024,13
TCD,Chad: Government,Government of Chad - FUCD,Government of Chad,FUCD,1,1000,13,2005,2007,4
TCD,Chad: Government,Government of Chad - AN,Government of Chad,AN,1,991,12,2008,2008,4
TCD,Chad: Government,Government of Chad - MDD,Government of Chad,MDD,1,836,19,1991,1997,1
TCD,Chad: Islamic State,Government of Chad - IS,Government of Chad,IS,1,833,68,2015,2024,2
TGO,Government of Togo - Civilians,Government of Togo - Civilians,Government of Togo,Civilians,4,531,106,1991,2019,4
TGO,Togo: Government,Government of Togo - JNIM,Government of Togo,JNIM,1,178,31,2022,2025,1
TGO,JNIM - Civilians,JNIM - Civilians,JNIM,Civilians,5,97,17,2022,2024,1
TGO,Moba - Chakosi,Moba - Chakosi,Moba,Chakosi,2,31,1,1991,1991,1
THA,Thailand: Patani,Government of Thailand - Patani insurgents,Government of Thailand,Patani insurgents,1,2133,1367,2003,2025,4
THA,Patani insurgents - Civilians,Patani insurgents - Civilians,Patani insurgents,Civilians,5,1951,1459,1992,2025,4
THA,Cambodia (Kampuchea) - Thailand,Government of Cambodia (Kampuchea) - Government of Thailand,Government of Cambodia (Kampuchea),Government of Thailand,1,112,57,1995,2025,5
THA,Myanmar (Burma): Karen,Government of Myanmar (Burma) - KNU,Government of Myanmar (Burma),KNU,1,72,7,1990,2010,2
THA,Myanmar (Burma): Shan,Government of Myanmar (Burma) - RCSS,Government of Myanmar (Burma),RCSS,1,25,2,2001,2002,1
TJK,Tajikistan: Government,Government of Tajikistan - UTO,Government of Tajikistan,UTO,1,7588,194,1992,1998,4
TJK,Tajikistan: Government,Government of Tajikistan - Forces of Khudoberdiyev,Government of Tajikistan,Forces of Khudoberdiyev,1,605,20,1997,1999,4
TJK,Tajikistan: Government,Government of Tajikistan - PFT,Government of Tajikistan,PFT,1,419,16,1992,1992,2
TJK,PFT - UTO,PFT - UTO,PFT,UTO,2,408,6,1992,1992,1
TJK,Tajikistan: Government,Government of Tajikistan - IMU,Government of Tajikistan,IMU,1,123,36,2005,2013,5
TJK,Kyrgyzstan - Tajikistan,Government of Kyrgyzstan - Government of Tajikistan,Government of Kyrgyzstan,Government of Tajikistan,1,110,34,2014,2022,2
TTO,Trinidad and Tobago: Government,Government of Trinidad and Tobago - Jamaat al-Muslimeen,Government of Trinidad and Tobago,Jamaat al-Muslimeen,1,39,3,1990,1990,1
TUN,Tunisia: Government,Government of Tunisia - AQIM,Government of Tunisia,AQIM,1,170,70,2011,2023,8
TUN,Tunisia: Islamic State,Government of Tunisia - IS,Government of Tunisia,IS,1,104,16,2015,2022,4
TUN,Tunisia: Government,Government of Tunisia - JAK-T,Government of Tunisia,JAK-T,1,77,33,2014,2021,6
TUN,IS - Civilians,IS - Civilians,IS,Civilians,5,59,2,2015,2015,2
TUR,Turkey: Kurdistan,Government of Turkey - PKK,Government of Turkey,PKK,1,29907,6613,1989,2025,50
TUR,PKK - Civilians,PKK - Civilians,PKK,Civilians,5,1339,387,1989,2024,31
TUR,IS - Civilians,IS - Civilians,IS,Civilians,5,288,10,2015,2024,6
TUR,Turkey: Government,Government of Turkey - Yurtta Sulh Konseyi,Government of Turkey,Yurtta Sulh Konseyi,1,274,3,2016,2016,3
TUR,Turkey: Government,Government of Turkey - DHKP-C,Government of Turkey,DHKP-C,1,233,91,1990,2024,13
TUR,Turkey: Government,Government of Turkey - TKP-ML,Government of Turkey,TKP-ML,1,193,77,1990,2020,12
TZA,Government of Tanzania - Civilians,Government of Tanzania - Civilians,Government of Tanzania,Civilians,4,1088,93,1992,2025,18
TZA,Tanzania: Islamic State,Government of Tanzania - IS,Government of Tanzania,IS,1,41,7,2020,2022,2
UGA,Uganda: Government,Government of Uganda - LRA,Government of Uganda,LRA,1,7065,823,1989,2007,12
UGA,LRA - Civilians,LRA - Civilians,LRA,Civilians,5,3936,379,1989,2007,15
UGA,Uganda: Government,Government of Uganda - ADF,Government of Uganda,ADF,1,1550,140,1996,2007,11
UGA,Uganda: Government,Government of Uganda - UPA,Government of Uganda,UPA,1,1107,24,1989,1994,5
UGA,ADF - Civilians,ADF - Civilians,ADF,Civilians,5,703,111,1996,2007,8
UGA,Bokora Karimojong - Matheniko Karimojong,Bokora Karimojong - Matheniko Karimojong,Bokora Karimojong,Matheniko Karimojong,2,389,14,1992,2004,2
UKR,Russia - Ukraine,Government of Russia (Soviet Union) - Government of Ukraine,Government of Russia (Soviet Union),Government of Ukraine,1,357650,36581,2014,2025,27
UKR,Ukraine: Novorossiya,Government of Ukraine - United Armed Forces of Novorossiya,Government of Ukraine,United Armed Forces of Novorossiya,1,2864,878,2014,2015,2
UKR,Ukraine: Donetsk,Government of Ukraine - DPR,Government of Ukraine,DPR,1,2277,663,2014,2014,3
UKR,Ukraine: Novorossiya,Government of Ukraine - DPR,Government of Ukraine,DPR,1,2115,1391,2015,2022,3
UKR,Government of Russia (Soviet Union) - Civilians,Government of Russia (Soviet Union) - Civilians,Government of Russia (Soviet Union),Civilians,4,1484,236,2022,2025,10
UKR,Ukraine: Lugansk,Government of Ukraine - LPR,Government of Ukraine,LPR,1,1071,293,2014,2014,1
USA,al-Qaida  - Civilians,al-Qaida  - Civilians,al-Qaida,Civilians,5,2753,1,2001,2001,1
USA,United States of America: Government,Government of United States of America - al-Qaida,Government of United States of America,al-Qaida,1,233,2,2001,2001,2
UZB,Uzbekistan: Government,Government of Uzbekistan - IMU,Government of Uzbekistan,IMU,1,347,22,1999,2000,6
UZB,Uzbekistan: Government,Government of Uzbekistan - JIG,Government of Uzbekistan,JIG,1,53,10,2004,2009,2
VEN,Government of Venezuela - Civilians,Government of Venezuela - Civilians,Government of Venezuela,Civilians,4,1161,1449,1989,2025,25
VEN,Venezuela: Government,Government of Venezuela - Military faction (forces of Hugo Chávez),Government of Venezuela,Military faction (forces of Hugo Chávez),1,144,4,1992,1992,1
VEN,Sabaneta - Pavilion I gang - Sabaneta - Re-education sector gang,Sabaneta - Pavilion I gang - Sabaneta - Re-education sector gang,Sabaneta - Pavilion I gang,Sabaneta - Re-education sector gang,2,127,1,1994,1994,1
VEN,El Dorado long-term inmates - Former Sabaneta inmates,El Dorado long-term inmates - Former Sabaneta inmates,El Dorado long-term inmates,Former Sabaneta inmates,2,30,2,1997,1997,1
VEN,ELN - Civilians,ELN - Civilians,ELN,Civilians,5,28,13,1995,2023,3
VEN,Yare I - The Towers sector gang  - Yare I - The Workshop sector gang,Yare I - The Towers sector gang  - Yare I - The Workshop sector gang,Yare I - The Towers sector gang,Yare I - The Workshop sector gang,2,25,1,2012,2012,1
YEM,Yemen (North Yemen): Government,Government of Yemen (North Yemen) - Forces of the Presidential Leadership Council,Government of Yemen (North Yemen),Forces of the Presidential Leadership Council,1,55041,3805,2015,2025,20
YEM,Yemen (North Yemen): Government,Government of Yemen (North Yemen) - AQAP,Government of Yemen (North Yemen),AQAP,1,6038,963,2009,2022,20
YEM,Yemen (North Yemen): Government,Government of Yemen (North Yemen) - Ansarallah,Government of Yemen (North Yemen),Ansarallah,1,2750,195,2008,2015,8
YEM,AQAP - Forces of the Presidential Leadership Council,AQAP - Forces of the Presidential Leadership Council,AQAP,Forces of the Presidential Leadership Council,2,2116,488,2015,2025,11
YEM,Yemen (North Yemen): South Yemen,Government of Yemen (North Yemen) - Democratic Republic of Yemen,Government of Yemen (North Yemen),Democratic Republic of Yemen,1,1489,72,1994,1994,10
YEM,Ansarallah - Islah,Ansarallah - Islah,Ansarallah,Islah,2,930,29,2009,2013,4
ZAF,Supporters of ANC - Supporters of IFP,Supporters of ANC - Supporters of IFP,Supporters of ANC,Supporters of IFP,2,3466,1912,1989,2016,8
ZAF,Supporters of IFP - Supporters of UDF,Supporters of IFP - Supporters of UDF,Supporters of IFP,Supporters of UDF,2,479,207,1989,1993,2
ZAF,Government of South Africa - Civilians,Government of South Africa - Civilians,Government of South Africa,Civilians,4,450,397,1989,2024,22
ZAF,South Africa: Namibia,Government of South Africa - SWAPO,Government of South Africa,SWAPO,1,361,57,1989,1989,1
ZAF,CATA  - Codeta,CATA  - Codeta,CATA,Codeta,2,287,83,1994,2025,1
ZAF,IFP - Civilians,IFP - Civilians,IFP,Civilians,5,97,73,1989,1994,3
ZMB,Renamo - Civilians,Renamo - Civilians,Renamo,Civilians,5,128,35,1989,1990,1
ZWE,Government of Zimbabwe (Rhodesia) - Civilians,Government of Zimbabwe (Rhodesia) - Civilians,Government of Zimbabwe (Rhodesia),Civilians,4,275,62,1995,2020,9
ZWE,Renamo - Civilians,Renamo - Civilians,Renamo,Civilians,5,53,9,1989,1990,2
